id,first_name,last_name,email,gender,address,reward
1,Garrard,Morot,gmorot0@hexun.com,Male,00600 Harper Road,true
2,Dynah,Vlasyuk,dvlasyuk1@plala.or.jp,Female,26 John Wall Place,true
3,Blakeley,Haryngton,bharyngton2@wufoo.com,Female,855 Moland Way,true
4,Brucie,Tape,btape3@hugedomains.com,Male,486 Dapin Trail,false
5,Ernesta,Paliser,epaliser4@typepad.com,Female,222 Dovetail Center,true
6,Cory,Foster,cfoster5@wp.com,Female,12 School Center,false
7,Beulah,Meus,bmeus6@forbes.com,Female,29760 Gulseth Hill,false
8,Conway,Learoyde,clearoyde7@delicious.com,Male,3 Nobel Park,true
9,Aldus,Audry,aaudry8@ameblo.jp,Male,38 Spaight Court,false
10,Chucho,Donaho,cdonaho9@google.ru,Male,763 Mariners Cove Plaza,true
11,Greggory,Catteroll,gcatterolla@cargocollective.com,Male,1 Service Hill,true
12,Laetitia,Flaxman,lflaxmanb@photobucket.com,Female,05 Washington Park,false
13,Cassius,Tipping,ctippingc@salon.com,Male,8 Manitowish Circle,false
14,Iago,Geggie,igeggied@biglobe.ne.jp,Male,70 Randy Court,true
15,Jacintha,Maron,jmarone@uiuc.edu,Female,3 Hermina Avenue,false
16,Bartlet,Whatling,bwhatlingf@npr.org,Male,2 Bashford Avenue,false
17,Tasia,Bolesworth,tbolesworthg@si.edu,Female,7297 8th Avenue,false
18,Amanda,Dutson,adutsonh@xrea.com,Female,54 Commercial Street,true
19,Arlan,Dainter,adainteri@mapquest.com,Male,115 Monica Park,true
20,Bronny,Mabbot,bmabbotj@hubpages.com,Male,7 Duke Avenue,false
21,Alvera,Perschke,aperschkek@yahoo.com,Female,4886 Pleasure Terrace,false
22,Bartolemo,Wyvill,bwyvilll@redcross.org,Male,60 Springs Center,true
23,Shaine,Norquay,snorquaym@redcross.org,Female,9 Lukken Place,false
24,Fredek,Allderidge,fallderidgen@newyorker.com,Male,273 Fallview Court,false
25,Turner,Van Bruggen,tvanbruggeno@sakura.ne.jp,Male,3783 Mockingbird Pass,false
26,Armando,Wollen,awollenp@wunderground.com,Male,1 Bayside Parkway,false
27,Minna,McPeck,mmcpeckq@si.edu,Female,275 Tennyson Center,true
28,Faythe,Mountstephen,fmountstephenr@oaic.gov.au,Female,473 Mayer Road,false
29,Bertina,Wanderschek,bwanderscheks@omniture.com,Female,196 Namekagon Drive,true
30,Lonnard,Iorizzo,liorizzot@youku.com,Male,02 Thompson Plaza,false
31,Christal,Campanelle,ccampanelleu@yale.edu,Female,496 Elgar Pass,true
32,Yorgo,Adaway,yadawayv@liveinternet.ru,Male,7 Steensland Point,false
33,Rodd,Tressler,rtresslerw@list-manage.com,Male,84498 Walton Point,true
34,Augustine,Prickett,aprickettx@tinypic.com,Female,0193 Waubesa Alley,true
35,Morgun,O'Duilleain,moduilleainy@ucoz.com,Male,68 Linden Parkway,true
36,Chaddy,Shedd,csheddz@cisco.com,Male,8 Bultman Plaza,true
37,Mattheus,McComb,mmccomb10@ox.ac.uk,Male,686 Village Avenue,false
38,Jeramey,Maiklem,jmaiklem11@ucsd.edu,Male,365 Declaration Way,false
39,Fifine,Moyers,fmoyers12@craigslist.org,Female,967 Eggendart Road,true
40,Reinwald,Goade,rgoade13@hud.gov,Male,598 Old Gate Terrace,false
41,Waldo,Keelan,wkeelan14@wikia.com,Male,4526 Marcy Alley,false
42,Gillian,Folbigg,gfolbigg15@redcross.org,Female,20 Hansons Drive,false
43,Winnah,Rosso,wrosso16@slate.com,Female,54 Continental Trail,true
44,Gale,Backe,gbacke17@netscape.com,Female,5 Florence Alley,true
45,Leigha,Goodfield,lgoodfield18@patch.com,Female,63765 Green Way,false
46,Ruthi,Trunby,rtrunby19@xrea.com,Female,9620 Johnson Road,false
47,Tait,Skeath,tskeath1a@pbs.org,Male,9 Gerald Park,true
48,Carly,Matijasevic,cmatijasevic1b@umn.edu,Male,52 Ramsey Park,false
49,Gabie,Strangward,gstrangward1c@networksolutions.com,Male,3031 Pierstorff Drive,true
50,Riki,Ratlee,rratlee1d@google.com.hk,Female,8845 Artisan Plaza,true
51,Madelina,Mauro,mmauro1e@usda.gov,Female,1019 Maple Wood Park,false
52,Heriberto,Mattiato,hmattiato1f@time.com,Male,52398 Springs Road,true
53,Gilburt,Freebury,gfreebury1g@imageshack.us,Male,50 Muir Parkway,true
54,Nealy,Ambrogiotti,nambrogiotti1h@comsenz.com,Male,15 Green Lane,false
55,Amory,O'Kane,aokane1i@histats.com,Male,93 Blackbird Court,true
56,Murdock,Rodgier,mrodgier1j@wordpress.org,Male,538 Lukken Alley,false
57,Lucienne,Burmaster,lburmaster1k@census.gov,Female,0686 Heath Hill,false
58,Maurie,Beaze,mbeaze1l@shinystat.com,Male,16922 Londonderry Trail,true
59,Salvatore,Everill,severill1m@usatoday.com,Male,4072 Cody Point,false
60,Kelvin,Sebright,ksebright1n@deviantart.com,Male,200 Warner Crossing,false
61,Jaquenetta,Ethridge,jethridge1o@woothemes.com,Female,3 Cambridge Place,false
62,Dun,Nafzger,dnafzger1p@google.pl,Male,01675 Harper Alley,true
63,Cristabel,Oag,coag1q@soup.io,Female,05134 Kensington Crossing,false
64,Bryana,Rosina,brosina1r@cbslocal.com,Female,27 Mallard Road,true
65,Lynn,Veregan,lveregan1s@miibeian.gov.cn,Female,598 Northfield Alley,false
66,Donna,Brody,dbrody1t@tiny.cc,Female,3924 Fallview Parkway,false
67,Conchita,Maidstone,cmaidstone1u@marriott.com,Female,9425 Pankratz Center,true
68,Joyous,Bowne,jbowne1v@marketwatch.com,Female,36912 Brentwood Park,true
69,Evania,Philippou,ephilippou1w@xing.com,Female,1 Oxford Lane,true
70,Willi,Lakeland,wlakeland1x@discuz.net,Male,897 Moland Street,true
71,Griffith,Twitching,gtwitching1y@sina.com.cn,Male,952 Becker Lane,false
72,Scarface,Garnsworthy,sgarnsworthy1z@bloglovin.com,Male,2331 Hazelcrest Court,false
73,Prisca,Kleyn,pkleyn20@clickbank.net,Female,058 Rieder Parkway,true
74,Haslett,Battany,hbattany21@google.co.jp,Male,31 Eastlawn Crossing,false
75,Kaitlynn,Whetland,kwhetland22@telegraph.co.uk,Female,0 Quincy Road,true
76,Deeanne,Gibbetts,dgibbetts23@meetup.com,Female,118 Gale Alley,true
77,Jennifer,Tuson,jtuson24@ifeng.com,Female,6 Everett Junction,false
78,Marsha,d' Eye,mdeye25@hud.gov,Female,44 Mallard Hill,false
79,Pam,Chauvey,pchauvey26@cargocollective.com,Female,7 Burning Wood Hill,false
80,Vernon,Waddington,vwaddington27@statcounter.com,Male,16667 Transport Junction,false
81,Michell,Oscroft,moscroft28@wired.com,Female,44308 Loftsgordon Drive,true
82,Zachary,Wistance,zwistance29@google.co.uk,Male,200 Pine View Crossing,true
83,Mahala,Vasyanin,mvasyanin2a@wisc.edu,Female,3955 Del Mar Court,false
84,Sinclair,Richin,srichin2b@shinystat.com,Male,3 Carey Street,false
85,Dannie,Carillo,dcarillo2c@cisco.com,Female,8 Barnett Place,false
86,Rochester,Sundin,rsundin2d@i2i.jp,Male,973 Alpine Park,true
87,Kristan,Creavin,kcreavin2e@bizjournals.com,Female,63654 Oak Valley Plaza,false
88,Justinn,Humphery,jhumphery2f@techcrunch.com,Female,5920 Prairie Rose Crossing,false
89,Amalita,Almond,aalmond2g@harvard.edu,Female,34 Vera Place,true
90,Cully,Oldham,coldham2h@comsenz.com,Male,792 West Lane,true
91,Deloris,Gleadhell,dgleadhell2i@reverbnation.com,Female,988 Arapahoe Avenue,true
92,Winifred,MattiCCI,wmatticci2j@independent.co.uk,Female,4 Gateway Crossing,true
93,Imogen,Beardshall,ibeardshall2k@shareasale.com,Female,88563 Onsgard Pass,false
94,Jeffie,Ternent,jternent2l@lycos.com,Male,2 Knutson Trail,true
95,Emma,Dericut,edericut2m@uol.com.br,Female,767 Gina Plaza,false
96,Filia,Treacher,ftreacher2n@spotify.com,Female,305 Shopko Junction,false
97,Flin,Clouston,fclouston2o@opensource.org,Male,1 Pennsylvania Hill,false
98,Darrin,Skoate,dskoate2p@spiegel.de,Male,32 Heath Alley,false
99,Lovell,Duffit,lduffit2q@uiuc.edu,Male,976 Clove Plaza,false
100,Pippa,Beri,pberi2r@multiply.com,Female,5 Moose Way,true
101,Christyna,Lascell,clascell2s@globo.com,Female,293 Summerview Place,false
102,Phillis,Timmis,ptimmis2t@springer.com,Female,99 Novick Hill,true
103,Stewart,Really,sreally2u@cloudflare.com,Male,5 Kedzie Court,true
104,Jessica,Plait,jplait2v@people.com.cn,Female,76 Nova Court,false
105,Beverley,Pinhorn,bpinhorn2w@youku.com,Female,755 Bonner Street,false
106,Hewitt,Youles,hyoules2x@ycombinator.com,Male,734 Crownhardt Hill,true
107,Eleonore,Bromige,ebromige2y@google.com.br,Female,43925 Colorado Pass,false
108,Claudian,Miners,cminers2z@merriam-webster.com,Male,010 Morningstar Way,false
109,Barth,Cracie,bcracie30@tumblr.com,Male,145 Morrow Alley,false
110,Hasty,Gatchell,hgatchell31@va.gov,Male,49245 Stuart Park,false
111,Micah,Plunkett,mplunkett32@samsung.com,Male,8 Ridgeview Park,true
112,Andreana,Chillingworth,achillingworth33@jimdo.com,Female,89 Waywood Court,false
113,Huberto,Yell,hyell34@springer.com,Male,87 Gulseth Parkway,false
114,Jaine,Danhel,jdanhel35@mit.edu,Female,64486 Bluejay Trail,true
115,Noami,Maisey,nmaisey36@businessinsider.com,Female,17831 Oneill Alley,true
116,Eolande,Pettyfar,epettyfar37@is.gd,Female,4 Grasskamp Circle,false
117,George,Malloy,gmalloy38@ted.com,Female,02836 Clarendon Lane,false
118,Flori,Pavolillo,fpavolillo39@a8.net,Female,7 Rockefeller Terrace,true
119,Sherilyn,Gabbidon,sgabbidon3a@nhs.uk,Female,3821 Lunder Point,true
120,Mair,Poff,mpoff3b@quantcast.com,Female,085 Namekagon Court,false
121,Alric,Ellerby,aellerby3c@cyberchimps.com,Male,7 Dottie Junction,true
122,Lorianna,Jacobi,ljacobi3d@prweb.com,Female,6 Roxbury Center,false
123,Stafani,Greg,sgreg3e@chron.com,Female,223 Duke Point,true
124,Cassandra,Dakin,cdakin3f@booking.com,Female,018 Lakewood Gardens Terrace,true
125,Chelsie,Brown,cbrown3g@dropbox.com,Female,58865 Kennedy Center,true
126,Uriah,Stanley,ustanley3h@weebly.com,Male,932 Autumn Leaf Parkway,true
127,Casey,Rumke,crumke3i@taobao.com,Female,6402 American Parkway,false
128,Sashenka,Mushart,smushart3j@printfriendly.com,Female,366 Sunnyside Trail,true
129,Alexandra,Lyfe,alyfe3k@nytimes.com,Female,66495 Muir Crossing,false
130,Darin,Cough,dcough3l@ft.com,Male,1 Burning Wood Place,true
131,Christal,Burfitt,cburfitt3m@flavors.me,Female,12 Carey Avenue,false
132,Aurilia,Bell,abell3n@techcrunch.com,Female,04 Russell Point,false
133,Frasco,Lees,flees3o@ezinearticles.com,Male,4 East Lane,false
134,Yorker,Redhills,yredhills3p@sbwire.com,Male,858 Fordem Pass,true
135,Shannah,Emmanueli,semmanueli3q@answers.com,Female,4 Derek Crossing,true
136,Sigismond,Gregh,sgregh3r@patch.com,Male,4 Vermont Crossing,true
137,Trixi,Badland,tbadland3s@sciencedaily.com,Female,232 Mockingbird Avenue,true
138,Mareah,Sharkey,msharkey3t@youtu.be,Female,53452 Northview Lane,true
139,Jayson,McKinn,jmckinn3u@irs.gov,Male,9692 Acker Plaza,true
140,Horst,O'Henery,hohenery3v@nbcnews.com,Male,015 Anhalt Crossing,true
141,Fannie,Karolczyk,fkarolczyk3w@instagram.com,Female,36023 Granby Hill,false
142,Laure,Okie,lokie3x@oaic.gov.au,Female,32088 Toban Point,true
143,Glenn,Tinline,gtinline3y@guardian.co.uk,Male,56 Gina Way,true
144,Normie,McNamara,nmcnamara3z@netlog.com,Male,732 Talmadge Point,true
145,Hiram,Ottewell,hottewell40@gmpg.org,Male,796 Thierer Way,true
146,Culver,McCulloch,cmcculloch41@sogou.com,Male,05 Linden Center,false
147,Anderea,Leadbetter,aleadbetter42@liveinternet.ru,Female,881 La Follette Road,false
148,Cate,Armsden,carmsden43@flavors.me,Female,407 Crowley Plaza,true
149,Giordano,Forbear,gforbear44@independent.co.uk,Male,35851 Lakewood Court,true
150,Alisun,Roylance,aroylance45@acquirethisname.com,Female,268 Cody Hill,false
151,Johnathan,Kiffe,jkiffe46@vimeo.com,Male,24 Troy Circle,false
152,Daisi,Olphert,dolphert47@rakuten.co.jp,Female,926 Declaration Court,false
153,Jess,Savoury,jsavoury48@clickbank.net,Male,5282 Pankratz Lane,true
154,Inger,Viccars,iviccars49@vimeo.com,Male,37397 Annamark Street,false
155,Lindsey,Basley,lbasley4a@usatoday.com,Female,3 Rockefeller Circle,true
156,Fleming,Castille,fcastille4b@comcast.net,Male,8 Florence Plaza,false
157,Delilah,Olivo,dolivo4c@blogger.com,Female,42715 Ronald Regan Drive,true
158,Arney,Dunk,adunk4d@naver.com,Male,2863 Grover Court,true
159,Midge,Lunbech,mlunbech4e@tripadvisor.com,Female,85355 Miller Place,false
160,Claudia,Doull,cdoull4f@is.gd,Female,4267 Ridgeview Alley,false
161,Dot,Lukianov,dlukianov4g@bbc.co.uk,Female,62368 Rockefeller Center,true
162,Rayshell,Fermin,rfermin4h@yahoo.co.jp,Female,52 Anthes Lane,false
163,Clyde,Tiley,ctiley4i@weibo.com,Male,0330 Sunnyside Parkway,true
164,Pet,Miko,pmiko4j@t.co,Female,14 Mcguire Drive,false
165,Darda,Orchard,dorchard4k@archive.org,Female,95410 Loeprich Place,true
166,Greg,Kubik,gkubik4l@parallels.com,Male,8 Hansons Trail,false
167,Rudyard,Yglesias,ryglesias4m@github.com,Male,66 Grover Park,true
168,Aharon,Dawney,adawney4n@ed.gov,Male,281 Coleman Way,false
169,Dorey,Ind,dind4o@hhs.gov,Female,5 Hermina Center,true
170,Meridel,Sanson,msanson4p@cpanel.net,Female,9660 Twin Pines Hill,false
171,Lowrance,Walling,lwalling4q@homestead.com,Male,25 Birchwood Park,false
172,Ambrosio,Branchet,abranchet4r@senate.gov,Male,35891 Karstens Plaza,false
173,Yard,Papis,ypapis4s@odnoklassniki.ru,Male,14 Shopko Place,false
174,Sheridan,McGeagh,smcgeagh4t@sourceforge.net,Male,9 Amoth Park,false
175,Godwin,Blanckley,gblanckley4u@umn.edu,Male,19504 Cascade Center,false
176,Beryle,De Pietri,bdepietri4v@digg.com,Female,43857 Moulton Way,false
177,Stanislaus,Serrurier,sserrurier4w@state.gov,Male,109 Briar Crest Pass,true
178,Marita,Gheeorghie,mgheeorghie4x@sakura.ne.jp,Female,049 Bluestem Court,false
179,Tabbie,Connar,tconnar4y@hud.gov,Male,3110 Harper Circle,true
180,Alvy,Dreakin,adreakin4z@google.it,Male,53811 Sunnyside Crossing,true
181,Vassili,Yankishin,vyankishin50@simplemachines.org,Male,94 Ramsey Way,true
182,Dur,Ivankov,divankov51@epa.gov,Male,694 Redwing Circle,true
183,Wilie,Bonhan,wbonhan52@github.com,Female,4 Nancy Park,false
184,Dare,Kinforth,dkinforth53@pbs.org,Male,3010 Ryan Street,false
185,Ceil,Morison,cmorison54@yellowpages.com,Female,1076 Little Fleur Crossing,false
186,Eva,Ewestace,eewestace55@networkadvertising.org,Female,9824 Bartillon Junction,false
187,Denice,McClory,dmcclory56@globo.com,Female,77137 Arrowood Terrace,false
188,Aloise,Losebie,alosebie57@soup.io,Female,49524 Kipling Center,false
189,Erhart,Greenhouse,egreenhouse58@unesco.org,Male,39535 Golf Pass,false
190,Dominic,Kerwin,dkerwin59@blogtalkradio.com,Male,21462 Shelley Junction,true
191,Dita,Fedorski,dfedorski5a@hud.gov,Female,7 Cordelia Pass,true
192,Atlante,MacGahy,amacgahy5b@spiegel.de,Female,1 Sullivan Place,true
193,Bobina,Targett,btargett5c@storify.com,Female,483 Gateway Hill,false
194,Saul,Spelsbury,sspelsbury5d@umn.edu,Male,18893 Lighthouse Bay Drive,true
195,Alexia,O'Growgane,aogrowgane5e@phoca.cz,Female,30 Macpherson Point,false
196,Alexandros,Khidr,akhidr5f@hibu.com,Male,108 Maryland Lane,false
197,Worden,Pasby,wpasby5g@businessinsider.com,Male,1 Green Ridge Hill,true
198,Lauralee,Heavens,lheavens5h@admin.ch,Female,75 Laurel Point,false
199,Ernst,Excell,eexcell5i@clickbank.net,Male,86 5th Terrace,false
200,Norah,Kubek,nkubek5j@nhs.uk,Female,78263 Chive Parkway,true
201,Mariel,Butrimovich,mbutrimovich5k@booking.com,Female,68 Loftsgordon Park,true
202,Dulsea,Crack,dcrack5l@dailymotion.com,Female,2 Park Meadow Center,false
203,Raye,Allsop,rallsop5m@harvard.edu,Female,5 Muir Drive,false
204,Kassia,Crunkhurn,kcrunkhurn5n@paginegialle.it,Female,3 Kennedy Court,false
205,Christa,Lappin,clappin5o@tripod.com,Female,519 Porter Plaza,false
206,Sabina,Pucknell,spucknell5p@theguardian.com,Female,59 Lighthouse Bay Alley,false
207,Brigham,Gudgin,bgudgin5q@cargocollective.com,Male,511 Lotheville Hill,true
208,Dorothy,Frigot,dfrigot5r@1688.com,Female,99060 Loomis Pass,true
209,Gertrud,Anstis,ganstis5s@aboutads.info,Female,7 Jenifer Trail,false
210,Raddie,Gutch,rgutch5t@tmall.com,Male,24 5th Terrace,false
211,Carolin,Adran,cadran5u@smh.com.au,Female,753 Scoville Court,false
212,Mahmoud,Tewkesbury,mtewkesbury5v@illinois.edu,Male,7172 Waubesa Junction,false
213,Kariotta,Burne,kburne5w@webmd.com,Female,78 Tomscot Junction,true
214,Noe,Francais,nfrancais5x@edublogs.org,Male,38702 Steensland Alley,true
215,Mattheus,Bracknall,mbracknall5y@indiegogo.com,Male,779 Annamark Hill,false
216,Hugibert,Gerry,hgerry5z@microsoft.com,Male,7403 Washington Plaza,false
217,Olivette,Marco,omarco60@archive.org,Female,87 Bobwhite Circle,true
218,Rouvin,MacCallam,rmaccallam61@chronoengine.com,Male,9721 Hovde Junction,false
219,Dani,Giacopetti,dgiacopetti62@spotify.com,Female,19965 Grasskamp Parkway,false
220,Kiri,Pesterfield,kpesterfield63@topsy.com,Female,7711 Truax Drive,false
221,Josh,Pinnick,jpinnick64@google.it,Male,9227 Jackson Court,false
222,Melody,Ianittello,mianittello65@seattletimes.com,Female,6531 Talisman Junction,false
223,Zilvia,Isacoff,zisacoff66@wisc.edu,Female,26 2nd Terrace,true
224,Camila,Goodacre,cgoodacre67@ycombinator.com,Female,2850 Lindbergh Place,true
225,Barris,Gainsborough,bgainsborough68@spiegel.de,Male,45 Washington Crossing,false
226,Herbert,Philp,hphilp69@ucsd.edu,Male,6 Linden Hill,true
227,Cobby,Murty,cmurty6a@biblegateway.com,Male,70 Sage Junction,false
228,Mirilla,Damant,mdamant6b@blinklist.com,Female,672 Jana Lane,true
229,Barny,Keilty,bkeilty6c@europa.eu,Male,99111 Mallory Hill,true
230,Zonnya,Ferryn,zferryn6d@springer.com,Female,27222 Kim Road,false
231,Babbie,Hoodlass,bhoodlass6e@diigo.com,Female,3458 Maywood Parkway,true
232,Holly-anne,Tryme,htryme6f@nifty.com,Female,55 Sachtjen Drive,true
233,Rossy,Dymick,rdymick6g@desdev.cn,Male,4689 Canary Drive,false
234,Vikki,Clendinning,vclendinning6h@smh.com.au,Female,6771 Northport Alley,true
235,Carlye,Dockray,cdockray6i@cdc.gov,Female,66449 Coleman Crossing,false
236,Saleem,Dawidowsky,sdawidowsky6j@freewebs.com,Male,97 Sheridan Trail,true
237,Ladonna,Pressland,lpressland6k@webmd.com,Female,89343 Hollow Ridge Avenue,false
238,Brittan,Eltone,beltone6l@cbslocal.com,Female,3 Union Avenue,true
239,Mill,Starrs,mstarrs6m@yandex.ru,Male,8009 Eagan Place,true
240,Nicholle,Berthomier,nberthomier6n@go.com,Female,3 Kingsford Alley,false
241,Waylen,Kleinfeld,wkleinfeld6o@timesonline.co.uk,Male,12465 Clove Alley,false
242,Courtney,Gimblet,cgimblet6p@nsw.gov.au,Male,95 Tomscot Lane,false
243,Penrod,Aylett,paylett6q@google.ca,Male,340 Lillian Street,true
244,Marla,Kornilov,mkornilov6r@msn.com,Female,4802 Hooker Crossing,true
245,Grange,Moyne,gmoyne6s@webmd.com,Male,043 Loeprich Avenue,false
246,Malachi,McSaul,mmcsaul6t@imgur.com,Male,766 Mayfield Avenue,true
247,Udale,Airth,uairth6u@friendfeed.com,Male,31730 Boyd Pass,true
248,Sheri,Nicklinson,snicklinson6v@wiley.com,Female,89 Loomis Junction,true
249,Vivienne,Demead,vdemead6w@surveymonkey.com,Female,382 Leroy Junction,false
250,Reuben,Bottrill,rbottrill6x@cargocollective.com,Male,555 Arizona Circle,false
251,Dee,Colter,dcolter6y@nba.com,Female,6377 Westend Avenue,true
252,Waylin,Clac,wclac6z@salon.com,Male,7 Fairfield Court,false
253,Nicoli,Cheesman,ncheesman70@zimbio.com,Female,905 Havey Parkway,true
254,Merell,Origin,morigin71@foxnews.com,Male,3199 Eagan Avenue,false
255,Conny,Merrill,cmerrill72@amazon.com,Male,80621 Lyons Junction,false
256,Chas,Headland,cheadland73@google.com.br,Male,744 Rusk Hill,true
257,Priscella,Backes,pbackes74@hexun.com,Female,65968 David Road,true
258,Rusty,Iacomettii,riacomettii75@jimdo.com,Male,587 Nelson Park,true
259,Dave,Tregien,dtregien76@live.com,Male,7508 Jay Park,true
260,Charo,Tolman,ctolman77@posterous.com,Female,553 Mosinee Street,false
261,Carlin,Pozzo,cpozzo78@tripod.com,Female,70200 Dayton Avenue,true
262,Chanda,Dowyer,cdowyer79@youtu.be,Female,3235 Anthes Plaza,false
263,Darbee,Statefield,dstatefield7a@wikimedia.org,Male,8064 Carberry Junction,false
264,Ag,Croome,acroome7b@vimeo.com,Female,60063 Green Ridge Drive,true
265,Lindy,Budibent,lbudibent7c@domainmarket.com,Male,27 Hudson Way,true
266,Rosmunda,L' Estrange,rlestrange7d@t-online.de,Female,71 8th Lane,true
267,Tresa,De La Hay,tdelahay7e@arstechnica.com,Female,29584 Browning Lane,false
268,Octavius,Penfold,openfold7f@auda.org.au,Male,4 Sommers Avenue,true
269,Modestine,Steers,msteers7g@disqus.com,Female,3319 Goodland Junction,false
270,Orsola,Barenskie,obarenskie7h@cyberchimps.com,Female,0919 Haas Park,true
271,Aurore,Scouler,ascouler7i@google.es,Female,912 Delladonna Alley,true
272,Reuben,Bellward,rbellward7j@harvard.edu,Male,506 Bluestem Alley,false
273,Wang,Birdwhistle,wbirdwhistle7k@pen.io,Male,18 Mallory Avenue,false
274,Lucinda,Robberecht,lrobberecht7l@howstuffworks.com,Female,272 Farmco Road,false
275,Loy,Goucher,lgoucher7m@over-blog.com,Male,6561 Marquette Hill,false
276,Erastus,Rielly,erielly7n@instagram.com,Male,96 Cardinal Way,true
277,Leonid,Moriarty,lmoriarty7o@google.nl,Male,2 Rusk Junction,false
278,Lars,Haysar,lhaysar7p@typepad.com,Male,1655 Novick Circle,false
279,Benedicta,Hacquard,bhacquard7q@ow.ly,Female,36279 Fieldstone Center,true
280,Jakob,Shinefield,jshinefield7r@netlog.com,Male,84846 Holmberg Avenue,false
281,Albert,Duckers,aduckers7s@theatlantic.com,Male,3778 Moulton Place,false
282,Betta,Longbothom,blongbothom7t@paginegialle.it,Female,74743 Del Mar Point,true
283,Shelly,Cattlemull,scattlemull7u@jigsy.com,Female,3225 West Center,true
284,Keefer,Goodred,kgoodred7v@stanford.edu,Male,1594 Leroy Plaza,true
285,Freddie,Lount,flount7w@tinyurl.com,Female,811 Southridge Plaza,true
286,Adelle,Squirrel,asquirrel7x@jigsy.com,Female,942 West Center,true
287,Katti,Aldersey,kaldersey7y@live.com,Female,36 Ohio Point,true
288,Alanson,Spurden,aspurden7z@bluehost.com,Male,48529 Monterey Center,true
289,Eddy,Guilloux,eguilloux80@taobao.com,Male,29 Cascade Trail,false
290,Patricia,Switsur,pswitsur81@4shared.com,Female,1680 Fremont Circle,true
291,Dorita,Bartlett,dbartlett82@skyrock.com,Female,238 Nancy Center,true
292,Palmer,Frary,pfrary83@microsoft.com,Male,86133 Division Lane,true
293,Kellia,Scowen,kscowen84@senate.gov,Female,470 Summit Lane,true
294,Wit,Hackin,whackin85@tuttocitta.it,Male,2799 Mccormick Plaza,true
295,Borg,Dorbin,bdorbin86@apache.org,Male,147 Sachtjen Road,true
296,Rancell,Byrd,rbyrd87@marketwatch.com,Male,48825 Fisk Pass,true
297,Erl,Bauman,ebauman88@hc360.com,Male,9 Porter Alley,false
298,Filmore,McKeefry,fmckeefry89@goodreads.com,Male,755 Ramsey Terrace,true
299,Norbert,Strutton,nstrutton8a@creativecommons.org,Male,8791 Walton Plaza,true
300,Margaret,Tomasoni,mtomasoni8b@google.co.uk,Female,24194 Mandrake Center,true
301,Maurice,Ashburne,mashburne8c@goo.gl,Male,556 Browning Place,false
302,Franz,Gynni,fgynni8d@4shared.com,Male,40945 Cambridge Place,false
303,Robinette,Reichelt,rreichelt8e@posterous.com,Female,349 Glacier Hill Hill,false
304,Mareah,Beasleigh,mbeasleigh8f@phpbb.com,Female,1 Green Ridge Alley,false
305,Rosemaria,Cullinan,rcullinan8g@myspace.com,Female,55 Loomis Drive,false
306,Jayne,Terney,jterney8h@google.com.au,Female,98608 Blackbird Point,false
307,Matthus,Maggiori,mmaggiori8i@examiner.com,Male,1 Mayer Way,true
308,Beverlee,Sayer,bsayer8j@livejournal.com,Female,65903 Cardinal Place,false
309,Trstram,Haglinton,thaglinton8k@themeforest.net,Male,126 Barnett Lane,true
310,Ahmed,Taverner,ataverner8l@4shared.com,Male,3 Jenifer Drive,true
311,Marrilee,MacAne,mmacane8m@jimdo.com,Female,9 Sullivan Road,false
312,Madelon,Domelaw,mdomelaw8n@nba.com,Female,2 Mifflin Court,false
313,Virge,Cheak,vcheak8o@elegantthemes.com,Male,9 Tennessee Point,true
314,Lizette,Mendes,lmendes8p@ning.com,Female,3657 Carberry Drive,false
315,Ryann,Mason,rmason8q@histats.com,Female,2349 Red Cloud Crossing,false
316,Leeann,Deer,ldeer8r@amazon.co.uk,Female,12121 Monica Place,true
317,Rusty,Avramow,ravramow8s@ovh.net,Male,8572 Lakeland Way,true
318,Benjamin,Leeder,bleeder8t@reuters.com,Male,651 Sommers Plaza,true
319,Kaycee,Selwin,kselwin8u@ustream.tv,Female,7 Miller Avenue,false
320,Conan,Attree,cattree8v@blogspot.com,Male,53242 Calypso Avenue,false
321,Pinchas,Stallan,pstallan8w@jiathis.com,Male,5503 Oak Valley Circle,false
322,Noah,Cullinane,ncullinane8x@nasa.gov,Male,3 Havey Point,false
323,Hailey,Eyckel,heyckel8y@wired.com,Male,17 Fairview Center,false
324,Bettye,McMichan,bmcmichan8z@army.mil,Female,62 Lotheville Park,false
325,Hill,Jacop,hjacop90@php.net,Male,57 Burrows Way,false
326,Sky,Lyburn,slyburn91@japanpost.jp,Male,7 Comanche Terrace,true
327,Rozalie,Vyel,rvyel92@list-manage.com,Female,1 Debra Parkway,true
328,Padraig,Beake,pbeake93@taobao.com,Male,9455 Sullivan Avenue,false
329,Welbie,Goseling,wgoseling94@ifeng.com,Male,99101 Trailsway Way,false
330,Trace,Curwen,tcurwen95@techcrunch.com,Male,7019 Hermina Terrace,false
331,Alec,Eshmade,aeshmade96@unblog.fr,Male,691 Mifflin Way,true
332,Constance,Kenderdine,ckenderdine97@github.com,Female,33 Summit Pass,true
333,Natalie,Andriss,nandriss98@illinois.edu,Female,6 Browning Center,true
334,Gavrielle,Plumridege,gplumridege99@technorati.com,Female,08932 Waywood Park,true
335,Clerkclaude,Dyka,cdyka9a@google.ru,Male,4 Algoma Junction,false
336,Lesley,Igo,ligo9b@si.edu,Male,504 Graedel Place,true
337,Nerte,Stealfox,nstealfox9c@woothemes.com,Female,091 Sheridan Trail,true
338,Edsel,Duthie,eduthie9d@va.gov,Male,63 International Point,false
339,Travus,Gladebeck,tgladebeck9e@desdev.cn,Male,43 Sunnyside Street,false
340,Whitby,Limrick,wlimrick9f@fotki.com,Male,67373 Sauthoff Way,false
341,Minnaminnie,Lynam,mlynam9g@biglobe.ne.jp,Female,4176 Jay Crossing,true
342,Pearline,Jertz,pjertz9h@feedburner.com,Female,07958 Acker Junction,true
343,Carey,Swalwel,cswalwel9i@hibu.com,Male,20 Susan Place,true
344,Virgil,Pilbury,vpilbury9j@timesonline.co.uk,Male,02819 Talmadge Point,true
345,Marylou,Northley,mnorthley9k@harvard.edu,Female,89207 Nevada Pass,true
346,Kean,Cash,kcash9l@goo.ne.jp,Male,143 Superior Park,false
347,Robinett,Sawl,rsawl9m@ebay.co.uk,Female,981 Shelley Way,false
348,Link,O'Leahy,loleahy9n@hibu.com,Male,85 Moose Point,false
349,Colver,Wonfor,cwonfor9o@dell.com,Male,8584 Warbler Center,false
350,Gill,Cruz,gcruz9p@alibaba.com,Female,7 Coleman Center,true
351,Harwell,Seabert,hseabert9q@chronoengine.com,Male,3 Corben Circle,true
352,Bettye,Defraine,bdefraine9r@scientificamerican.com,Female,56038 Ruskin Alley,false
353,Charlean,Deval,cdeval9s@4shared.com,Female,6 Anderson Plaza,true
354,Debora,Toffolo,dtoffolo9t@nydailynews.com,Female,8 Coleman Place,true
355,Marietta,Barents,mbarents9u@msu.edu,Female,801 Lake View Junction,true
356,Bar,Grishenkov,bgrishenkov9v@home.pl,Male,76 Stoughton Lane,true
357,Giacopo,Shakeshaft,gshakeshaft9w@harvard.edu,Male,16888 6th Drive,false
358,Davidson,Mutch,dmutch9x@telegraph.co.uk,Male,9021 Onsgard Road,true
359,Sibylle,Bush,sbush9y@blogspot.com,Female,72407 Sullivan Lane,false
360,Donielle,Saylor,dsaylor9z@comcast.net,Female,994 Roth Point,true
361,Jasen,Jaspar,jjaspara0@simplemachines.org,Male,5628 Oakridge Street,false
362,Borg,Duckerin,bduckerina1@ox.ac.uk,Male,33 Nelson Road,true
363,Berkley,Kaesmakers,bkaesmakersa2@hao123.com,Male,9807 Hayes Park,false
364,Keefe,Stockney,kstockneya3@merriam-webster.com,Male,7057 Bartelt Alley,false
365,Priscilla,Caiger,pcaigera4@friendfeed.com,Female,04 Swallow Crossing,false
366,Latia,Pigrome,lpigromea5@mapquest.com,Female,990 Wayridge Circle,true
367,Brigitta,Mayer,bmayera6@uol.com.br,Female,7365 Mandrake Street,false
368,Constantin,Hartigan,chartigana7@github.com,Male,61150 Springview Junction,false
369,Benedict,Cellier,bcelliera8@cam.ac.uk,Male,317 Ryan Terrace,false
370,Rebbecca,Kesby,rkesbya9@mozilla.com,Female,8 Summerview Avenue,true
371,Ileane,Curneen,icurneenaa@google.es,Female,6174 Russell Terrace,true
372,Merle,Attenborough,mattenboroughab@cam.ac.uk,Male,51435 Erie Drive,false
373,Moises,O'Geneay,mogeneayac@oakley.com,Male,7 Village Green Hill,true
374,Tabitha,Cordner,tcordnerad@sbwire.com,Female,2804 2nd Drive,true
375,Casi,Rickeard,crickeardae@geocities.jp,Female,554 Acker Plaza,false
376,Odette,Kinton,okintonaf@imageshack.us,Female,735 Iowa Parkway,true
377,Mignonne,Tindall,mtindallag@tinyurl.com,Female,76 Main Drive,true
378,Winthrop,Petett,wpetettah@ning.com,Male,68 Dovetail Road,false
379,Conrado,Commucci,ccommucciai@trellian.com,Male,958 Colorado Hill,false
380,Kalvin,Corriea,kcorrieaaj@blogspot.com,Male,751 Forest Run Road,false
381,Adair,Nickless,anicklessak@dropbox.com,Male,884 Bunting Trail,false
382,Lorry,Colledge,lcolledgeal@alexa.com,Male,92697 Mccormick Junction,false
383,Georgina,Pottell,gpottellam@google.pl,Female,5432 Grayhawk Park,true
384,Leese,Dumbare,ldumbarean@who.int,Female,92602 Tomscot Drive,false
385,Brew,Preston,bprestonao@hugedomains.com,Male,340 Gateway Lane,false
386,Turner,Keysall,tkeysallap@marketwatch.com,Male,1 Springview Street,false
387,Lesli,Ritchley,lritchleyaq@t-online.de,Female,1787 Fisk Lane,false
388,Nissie,Streather,nstreatherar@walmart.com,Female,681 Texas Hill,false
389,Bogey,Kyte,bkyteas@amazon.de,Male,137 Vernon Plaza,true
390,Sylas,Commusso,scommussoat@rakuten.co.jp,Male,3640 Mayfield Center,false
391,Steve,Aharoni,saharoniau@woothemes.com,Male,087 Larry Alley,true
392,Alexis,Nyssens,anyssensav@slideshare.net,Female,7 Corben Point,true
393,Nicolette,Sleath,nsleathaw@nih.gov,Female,4770 Manley Way,true
394,Thaddeus,Luesley,tluesleyax@imgur.com,Male,3691 Garrison Alley,true
395,Sarah,Weight,sweightay@wordpress.org,Female,76589 Independence Hill,false
396,Rhianna,Dupree,rdupreeaz@disqus.com,Female,210 Esker Lane,true
397,Nilson,Nutley,nnutleyb0@creativecommons.org,Male,26164 Derek Crossing,true
398,Waylan,MacGray,wmacgrayb1@over-blog.com,Male,582 Knutson Place,true
399,Trina,Praton,tpratonb2@dailymail.co.uk,Female,9713 Duke Junction,true
400,Sayre,Marklund,smarklundb3@samsung.com,Female,947 1st Lane,false
401,Bibbye,Basham,bbashamb4@goo.gl,Female,368 Lunder Lane,false
402,Ruthi,Missington,rmissingtonb5@ebay.com,Female,950 Hermina Place,true
403,Elvira,Pitkins,epitkinsb6@1und1.de,Female,81559 Badeau Hill,true
404,Bronnie,Gianni,bgiannib7@cocolog-nifty.com,Male,3 Larry Street,false
405,Cinda,Mottershaw,cmottershawb8@hatena.ne.jp,Female,37945 Annamark Court,true
406,Aloysius,Aland,aalandb9@vinaora.com,Male,9 Boyd Trail,false
407,Merilee,Burdytt,mburdyttba@amazon.co.jp,Female,83 Milwaukee Pass,false
408,Carson,Farnie,cfarniebb@yahoo.co.jp,Male,1 Forest Run Street,false
409,Tom,Brockman,tbrockmanbc@ebay.com,Male,681 Towne Alley,false
410,Joana,Pardue,jparduebd@yahoo.com,Female,47 Leroy Alley,true
411,Roland,Houndson,rhoundsonbe@businessinsider.com,Male,44 Hovde Junction,false
412,Hilly,Slay,hslaybf@blogger.com,Male,03651 Lyons Parkway,false
413,Aleda,Morforth,amorforthbg@seesaa.net,Female,09 Badeau Drive,false
414,Josefina,Addionisio,jaddionisiobh@ustream.tv,Female,6652 Portage Hill,false
415,Eddie,Byne,ebynebi@census.gov,Male,330 Jenifer Park,true
416,Damara,Ivanchin,divanchinbj@webeden.co.uk,Female,38 Lighthouse Bay Center,false
417,Ivory,Gribben,igribbenbk@hugedomains.com,Female,08 Forster Plaza,true
418,Justen,Shyre,jshyrebl@ustream.tv,Male,3 Tennessee Pass,true
419,Joel,Vosse,jvossebm@purevolume.com,Male,82043 Dunning Street,true
420,Madelin,Tyrer,mtyrerbn@intel.com,Female,549 Badeau Alley,true
421,Lorilee,Olczak,lolczakbo@mit.edu,Female,0 Dovetail Street,true
422,Jay,Zuan,jzuanbp@nydailynews.com,Male,3033 Corry Plaza,false
423,Avictor,Gower,agowerbq@yellowpages.com,Male,946 Parkside Avenue,true
424,Tymothy,Gipps,tgippsbr@ca.gov,Male,5893 Charing Cross Avenue,false
425,Laetitia,Mastrantone,lmastrantonebs@pbs.org,Female,9 American Plaza,true
426,Natasha,Seefus,nseefusbt@google.com,Female,0901 Kings Street,false
427,Zolly,O'Bradane,zobradanebu@fema.gov,Male,26258 Vidon Terrace,true
428,Kilian,Learmonth,klearmonthbv@gizmodo.com,Male,6140 Hayes Trail,true
429,Basil,Dumphreys,bdumphreysbw@ebay.co.uk,Male,6833 Birchwood Way,true
430,Vassili,Jeppensen,vjeppensenbx@webeden.co.uk,Male,045 Kingsford Place,false
431,Carla,Izak,cizakby@geocities.jp,Female,80 Autumn Leaf Hill,false
432,Lothaire,Hylden,lhyldenbz@va.gov,Male,994 Wayridge Point,false
433,Britta,Killingsworth,bkillingsworthc0@simplemachines.org,Female,94 Claremont Hill,false
434,Reidar,Andriuzzi,randriuzzic1@blinklist.com,Male,5465 Delladonna Lane,false
435,Brit,Livett,blivettc2@wikimedia.org,Male,969 Warbler Street,false
436,Evelin,Inskipp,einskippc3@prweb.com,Male,9 Waywood Trail,false
437,Charita,Fernihough,cfernihoughc4@bizjournals.com,Female,16526 Nelson Way,true
438,Kurt,Langhorne,klanghornec5@google.pl,Male,00 Spaight Circle,false
439,Philippe,Bierman,pbiermanc6@discovery.com,Female,1 Westridge Court,false
440,Tillie,Segge,tseggec7@ebay.co.uk,Female,29693 Eastwood Junction,false
441,Myca,Fursse,mfurssec8@jigsy.com,Male,0335 Haas Place,false
442,Anet,Parradine,aparradinec9@wordpress.org,Female,1 Waubesa Center,false
443,Reamonn,Domenget,rdomengetca@ebay.com,Male,892 Fremont Plaza,false
444,Clemente,Whiteside,cwhitesidecb@infoseek.co.jp,Male,543 Bultman Center,true
445,Rosemonde,McCrackem,rmccrackemcc@geocities.jp,Female,1 Northport Plaza,false
446,Vasily,Kulis,vkuliscd@ed.gov,Male,82505 Clemons Terrace,false
447,Dinah,Matuschek,dmatuschekce@ucoz.com,Female,675 Logan Trail,true
448,Delbert,Spillane,dspillanecf@biblegateway.com,Male,512 Fieldstone Hill,false
449,Keefe,Taberer,ktaberercg@loc.gov,Male,3905 Tomscot Crossing,true
450,Toby,Massimi,tmassimich@blog.com,Female,13 Oxford Terrace,false
451,Doll,Scranney,dscranneyci@tripadvisor.com,Female,045 Nancy Street,true
452,Gisela,Cant,gcantcj@bigcartel.com,Female,8 Oriole Circle,false
453,Beck,Kesper,bkesperck@microsoft.com,Male,124 Service Road,true
454,Lazaro,Chiommienti,lchiommienticl@va.gov,Male,4074 Katie Circle,true
455,Jennica,Withrop,jwithropcm@blog.com,Female,5 Hovde Parkway,true
456,Gratiana,Parsonage,gparsonagecn@auda.org.au,Female,22 Ramsey Plaza,false
457,Shelley,Danilovic,sdanilovicco@house.gov,Female,0 Corscot Center,true
458,Dewitt,Trembey,dtrembeycp@slate.com,Male,711 Eagle Crest Point,true
459,Kath,Iacovides,kiacovidescq@google.fr,Female,7 Maple Trail,true
460,Rhianon,Shillinglaw,rshillinglawcr@tamu.edu,Female,82773 Meadow Valley Terrace,false
461,Hermy,Force,hforcecs@ning.com,Male,786 Fieldstone Park,false
462,Issiah,Dimitrijevic,idimitrijevicct@mlb.com,Male,995 Quincy Street,false
463,Karin,Lantaff,klantaffcu@yellowbook.com,Female,3585 Grover Lane,true
464,Emalia,Chamberlen,echamberlencv@hatena.ne.jp,Female,914 Hooker Terrace,true
465,Angelico,Scarce,ascarcecw@163.com,Male,80 Myrtle Avenue,false
466,Selie,McDyer,smcdyercx@hugedomains.com,Female,9 Basil Plaza,false
467,Talbot,Cowwell,tcowwellcy@samsung.com,Male,94828 Pierstorff Street,false
468,Falkner,Mendes,fmendescz@webnode.com,Male,06711 Chinook Drive,true
469,Jermaine,Dacke,jdacked0@hostgator.com,Male,13 Leroy Parkway,false
470,Brockie,Whanstall,bwhanstalld1@pinterest.com,Male,2712 Hallows Lane,false
471,Ambur,Tippell,atippelld2@state.gov,Female,76 Superior Place,true
472,Stephan,Moir,smoird3@usnews.com,Male,5375 Amoth Pass,true
473,Iorgo,Thurgood,ithurgoodd4@unc.edu,Male,38035 Mayer Crossing,false
474,Jorry,Canti,jcantid5@earthlink.net,Female,00883 Chinook Crossing,false
475,Whitby,Cottingham,wcottinghamd6@pinterest.com,Male,18 Thierer Place,false
476,Kelcy,Poller,kpollerd7@wikispaces.com,Female,7 Gulseth Trail,false
477,Ephraim,Bugler,ebuglerd8@macromedia.com,Male,972 Lillian Road,false
478,Raina,Mayworth,rmayworthd9@cornell.edu,Female,276 Mosinee Plaza,true
479,Alejoa,Wadeling,awadelingda@fotki.com,Male,3427 Manufacturers Park,false
480,Terencio,Walesa,twalesadb@newyorker.com,Male,52629 Mendota Park,false
481,Windy,Cadle,wcadledc@digg.com,Female,30734 Eliot Point,true
482,Maura,Rottenbury,mrottenburydd@nbcnews.com,Female,3396 Declaration Way,false
483,Dunn,Annandale,dannandalede@foxnews.com,Male,31672 Moulton Park,false
484,Addie,Bimson,abimsondf@gizmodo.com,Male,030 Texas Drive,false
485,Bobina,Joinsey,bjoinseydg@simplemachines.org,Female,411 Jenna Trail,false
486,Lucias,Ruddell,lruddelldh@hibu.com,Male,1 Elka Hill,false
487,Codie,Brok,cbrokdi@seesaa.net,Female,2 Erie Way,true
488,Lyn,Imison,limisondj@gmpg.org,Male,5 Hazelcrest Avenue,false
489,Denver,Corck,dcorckdk@engadget.com,Male,5643 Tomscot Plaza,false
490,Gene,Bichard,gbicharddl@constantcontact.com,Male,061 Becker Place,true
491,Care,Rennick,crennickdm@smh.com.au,Male,57789 Florence Street,false
492,Stafani,Dunford,sdunforddn@themeforest.net,Female,51 Lakeland Point,false
493,Clifford,Tumielli,ctumiellido@tuttocitta.it,Male,4500 Dahle Circle,true
494,Garvy,Prangle,gprangledp@cdbaby.com,Male,4 Briar Crest Road,false
495,Edith,Escalera,eescaleradq@sbwire.com,Female,47912 Harbort Park,true
496,Mayor,Healey,mhealeydr@umich.edu,Male,47 Fordem Way,true
497,Forbes,Howford,fhowfordds@twitpic.com,Male,484 Eastlawn Street,true
498,Kalila,Angrave,kangravedt@ftc.gov,Female,8554 Duke Park,true
499,Marylee,Treversh,mtrevershdu@wufoo.com,Female,6238 Dovetail Junction,true
500,Seumas,Cubbinelli,scubbinellidv@blogtalkradio.com,Male,1451 Nova Trail,false
501,Pincas,Bafford,pbafforddw@bloglovin.com,Male,86 Norway Maple Pass,false
502,Donall,Madle,dmadledx@e-recht24.de,Male,603 Golf Terrace,true
503,Kirstin,Sixsmith,ksixsmithdy@homestead.com,Female,5 Sunbrook Point,true
504,Ludovika,Grzegorzewski,lgrzegorzewskidz@gmpg.org,Female,07 Reindahl Drive,true
505,Barbey,Skeath,bskeathe0@redcross.org,Female,99 Truax Parkway,false
506,Manny,Tames,mtamese1@digg.com,Male,2580 Sachs Park,false
507,Ofilia,Headly,oheadlye2@home.pl,Female,385 Lyons Way,false
508,Willetta,de Mendoza,wdemendozae3@github.com,Female,5866 Linden Court,false
509,Frederik,Langelaan,flangelaane4@google.ru,Male,5437 Veith Junction,true
510,Gerri,Zack,gzacke5@webnode.com,Female,98063 Becker Way,false
511,Hamnet,Maken,hmakene6@privacy.gov.au,Male,28365 Johnson Trail,true
512,Enrique,Helliwell,ehelliwelle7@i2i.jp,Male,1498 Farwell Center,true
513,Hasheem,Ubsdell,hubsdelle8@privacy.gov.au,Male,925 Hayes Junction,true
514,Karl,Fantham,kfanthame9@aboutads.info,Male,9005 Paget Point,false
515,Page,Andres,pandresea@constantcontact.com,Female,4722 Pine View Pass,true
516,Arvie,Pulham,apulhameb@squidoo.com,Male,9 Melody Alley,false
517,Ali,Flowitt,aflowittec@xrea.com,Male,86189 Myrtle Pass,false
518,Julina,Allworthy,jallworthyed@google.ru,Female,0 Thompson Lane,true
519,Adah,Blaycock,ablaycockee@instagram.com,Female,187 Kim Junction,false
520,Ervin,Schruyer,eschruyeref@abc.net.au,Male,635 Sage Junction,true
521,Brod,Edson,bedsoneg@etsy.com,Male,62605 Rutledge Park,true
522,Marya,Hellard,mhellardeh@domainmarket.com,Female,806 Carioca Terrace,true
523,Darbie,Sandlin,dsandlinei@digg.com,Female,9 Vernon Road,false
524,Garrek,Albinson,galbinsonej@youtu.be,Male,15449 Old Gate Lane,true
525,Britte,Trewhitt,btrewhittek@ezinearticles.com,Female,6 Roth Terrace,true
526,Amie,Tipping,atippingel@t-online.de,Female,70931 Kim Park,true
527,Marne,Dansie,mdansieem@reference.com,Female,8786 Roxbury Lane,true
528,Burgess,Geall,bgeallen@linkedin.com,Male,6 Bunting Pass,true
529,Tamara,Jakobssen,tjakobsseneo@mac.com,Female,8350 Lukken Park,false
530,Aldus,Bothams,abothamsep@prweb.com,Male,078 Corry Park,true
531,Abner,Blaxley,ablaxleyeq@flickr.com,Male,92 Ryan Center,false
532,Ichabod,Dran,idraner@cafepress.com,Male,136 Hudson Avenue,true
533,Barret,Pudden,bpuddenes@shareasale.com,Male,2 Prentice Point,true
534,Cordey,Vonderdell,cvonderdellet@hao123.com,Female,07 Westridge Lane,true
535,Corbie,Edinburgh,cedinburgheu@symantec.com,Male,40839 Karstens Terrace,true
536,Brynn,Jahn,bjahnev@wiley.com,Female,61 Quincy Place,true
537,Lynnelle,Duchatel,lduchatelew@dot.gov,Female,19648 Dottie Trail,false
538,Darcey,MacKain,dmackainex@qq.com,Female,1 Sutteridge Alley,false
539,Reese,Falloon,rfallooney@hp.com,Male,7781 Aberg Lane,false
540,Calhoun,Velez,cvelezez@multiply.com,Male,15841 Pine View Parkway,false
541,Myrtle,Birden,mbirdenf0@reddit.com,Female,4046 Londonderry Way,false
542,Ingra,Cristol,icristolf1@gizmodo.com,Male,351 Aberg Circle,true
543,Saudra,Anderl,sanderlf2@photobucket.com,Female,5713 Carey Point,true
544,Stella,Baptista,sbaptistaf3@ocn.ne.jp,Female,777 Sloan Street,false
545,Horatius,McBay,hmcbayf4@hhs.gov,Male,32624 Del Sol Trail,false
546,Tamas,Geke,tgekef5@nhs.uk,Male,696 Crowley Road,true
547,Pat,Antoniat,pantoniatf6@devhub.com,Female,72 Glendale Crossing,true
548,Gino,Bourgourd,gbourgourdf7@businesswire.com,Male,2643 Lawn Place,true
549,Lion,Seawell,lseawellf8@springer.com,Male,00 Marcy Street,true
550,Cyrill,Twells,ctwellsf9@purevolume.com,Male,46 Lukken Pass,true
551,Darill,Lassells,dlassellsfa@sina.com.cn,Male,88709 Gulseth Avenue,false
552,Shadow,Melmore,smelmorefb@ucoz.ru,Male,4400 Rockefeller Circle,true
553,Casey,Summerson,csummersonfc@mashable.com,Male,06373 Corry Circle,true
554,Ketti,Burgise,kburgisefd@naver.com,Female,80254 Warner Drive,true
555,Decca,Anselm,danselmfe@cafepress.com,Male,71910 Larry Alley,false
556,Stevy,Screen,sscreenff@desdev.cn,Male,08316 Clemons Park,false
557,Melvin,Jonathon,mjonathonfg@nps.gov,Male,325 Blue Bill Park Alley,true
558,Lucias,Skala,lskalafh@hud.gov,Male,10321 Kenwood Pass,true
559,Anselma,Gribbon,agribbonfi@yolasite.com,Female,05681 Hollow Ridge Center,false
560,Loralyn,Altamirano,laltamiranofj@blogspot.com,Female,3365 Blackbird Trail,false
561,Leticia,Whopples,lwhopplesfk@sakura.ne.jp,Female,0 Burrows Junction,true
562,Roselia,Welburn,rwelburnfl@sina.com.cn,Female,534 Springview Court,false
563,Elisabetta,Sphinxe,esphinxefm@dailymotion.com,Female,73 Arapahoe Park,true
564,Ashlee,Babalola,ababalolafn@cyberchimps.com,Female,7187 Farragut Street,true
565,Damon,Stegel,dstegelfo@dailymail.co.uk,Male,239 Tomscot Place,false
566,Tessy,Burkert,tburkertfp@joomla.org,Female,69 Steensland Court,false
567,Lyndsey,Barbera,lbarberafq@altervista.org,Female,21732 Erie Center,false
568,Sean,Hoffmann,shoffmannfr@dell.com,Male,0 Logan Court,false
569,Virgie,Healeas,vhealeasfs@youku.com,Female,6 Spenser Point,false
570,Missy,Natte,mnatteft@godaddy.com,Female,8 Banding Crossing,true
571,Robert,Shower,rshowerfu@freewebs.com,Male,781 Kings Court,false
572,Mureil,Fegan,mfeganfv@fema.gov,Female,95 7th Center,false
573,Kilian,Blenkharn,kblenkharnfw@cdbaby.com,Male,8026 Tony Avenue,false
574,Dannie,Woolaston,dwoolastonfx@wikispaces.com,Male,85724 Bellgrove Way,false
575,Cordie,Ibbetson,cibbetsonfy@weibo.com,Male,89580 Roth Place,true
576,Sianna,Laminman,slaminmanfz@cam.ac.uk,Female,95 Sommers Court,false
577,Hobey,Allibon,hallibong0@amazon.co.uk,Male,4393 Ludington Way,false
578,Luis,Scraney,lscraneyg1@hibu.com,Male,3 Anthes Alley,true
579,Mortie,Wyles,mwylesg2@shareasale.com,Male,2913 Hallows Way,false
580,Nerte,Chastand,nchastandg3@i2i.jp,Female,16402 Maywood Place,true
581,Davina,Pendall,dpendallg4@etsy.com,Female,5 Paget Trail,true
582,Jehu,Manilove,jmaniloveg5@nhs.uk,Male,45790 Stoughton Court,false
583,Cris,Dupoy,cdupoyg6@sciencedirect.com,Female,39 Mockingbird Park,false
584,Cherianne,McGloin,cmcgloing7@google.nl,Female,594 Westport Street,false
585,Saw,Hammer,shammerg8@devhub.com,Male,0 Mifflin Lane,false
586,Isidoro,Catlow,icatlowg9@arizona.edu,Male,03 Sycamore Lane,true
587,Donnie,Fells,dfellsga@reverbnation.com,Male,5560 Butternut Lane,false
588,Nanon,Gillow,ngillowgb@zimbio.com,Female,71153 Lotheville Point,true
589,Wye,Andreone,wandreonegc@youtu.be,Male,81 Cardinal Junction,false
590,Octavius,Orbine,oorbinegd@tumblr.com,Male,1439 Hoard Court,false
591,Joannes,Yepiskopov,jyepiskopovge@miitbeian.gov.cn,Female,61882 Summit Road,false
592,Dewain,Abels,dabelsgf@ihg.com,Male,107 Valley Edge Alley,false
593,Merralee,Braganca,mbragancagg@google.cn,Female,4652 Westend Alley,true
594,Eugenio,Pigeram,epigeramgh@psu.edu,Male,933 Sycamore Point,true
595,Shanie,Richford,srichfordgi@themeforest.net,Female,0837 Elgar Drive,false
596,Ally,Saket,asaketgj@usgs.gov,Female,5232 Springs Way,false
597,Meade,Jenkison,mjenkisongk@tripod.com,Female,1271 3rd Drive,true
598,Jerad,Sayburn,jsayburngl@mac.com,Male,5187 Cherokee Avenue,true
599,Arda,Gatenby,agatenbygm@newyorker.com,Female,45 Vahlen Trail,false
600,Denna,Rentoll,drentollgn@wsj.com,Female,3 Vermont Pass,false
601,Currie,Gocher,cgochergo@senate.gov,Male,63354 Bonner Point,false
602,Lawry,Taylorson,ltaylorsongp@plala.or.jp,Male,510 Manley Place,true
603,Maureene,Brierton,mbriertongq@eepurl.com,Female,8 Mitchell Drive,false
604,Maury,Miners,mminersgr@studiopress.com,Male,2 Gerald Trail,true
605,Maryl,Driuzzi,mdriuzzigs@elpais.com,Female,51 Pierstorff Drive,false
606,Fidole,Stife,fstifegt@businesswire.com,Male,53 Manitowish Parkway,false
607,Forrest,Simmell,fsimmellgu@cargocollective.com,Male,09896 Westridge Plaza,true
608,Calypso,Bannard,cbannardgv@theatlantic.com,Female,2 Susan Trail,false
609,Damiano,Kentwell,dkentwellgw@unc.edu,Male,5976 Eastwood Drive,false
610,Willamina,Comello,wcomellogx@mysql.com,Female,91751 Moland Circle,true
611,Davey,Barlow,dbarlowgy@printfriendly.com,Male,1113 Pierstorff Park,true
612,Dmitri,Hibling,dhiblinggz@usa.gov,Male,707 Mccormick Avenue,true
613,Nadean,Wakerley,nwakerleyh0@mit.edu,Female,4 Mariners Cove Park,true
614,Zilvia,Cleiment,zcleimenth1@bbc.co.uk,Female,0278 Fallview Terrace,false
615,Tanney,Fraczak,tfraczakh2@prweb.com,Male,11944 Huxley Road,false
616,Tally,Pantone,tpantoneh3@wikipedia.org,Male,83049 Steensland Junction,false
617,Alfie,Broseman,abrosemanh4@issuu.com,Male,4909 Valley Edge Pass,false
618,Stanfield,Pendleberry,spendleberryh5@amazonaws.com,Male,465 Oakridge Lane,true
619,Phil,Kelleher,pkelleherh6@typepad.com,Female,91 Graceland Way,false
620,Michel,Franzen,mfranzenh7@thetimes.co.uk,Female,00696 Mayfield Drive,true
621,Peder,Edlyn,pedlynh8@vinaora.com,Male,93 Annamark Plaza,true
622,Fonzie,Shellibeer,fshellibeerh9@zimbio.com,Male,58 Johnson Terrace,false
623,Berrie,Blaksley,bblaksleyha@blogtalkradio.com,Female,06583 Florence Circle,false
624,Rosco,Tzar,rtzarhb@blogs.com,Male,76712 Straubel Street,false
625,Dennis,d'Arcy,ddarcyhc@nifty.com,Male,21 Laurel Lane,false
626,Kev,Durie,kduriehd@microsoft.com,Male,765 Corscot Way,false
627,Phaidra,Sineath,psineathhe@intel.com,Female,037 Waxwing Place,false
628,Estrella,Croome,ecroomehf@desdev.cn,Female,091 Vera Way,false
629,Dinny,Cosgrive,dcosgrivehg@timesonline.co.uk,Female,306 Anzinger Way,true
630,Oralla,Berry,oberryhh@themeforest.net,Female,51 Bultman Terrace,true
631,Binny,Metson,bmetsonhi@people.com.cn,Female,4071 Northfield Center,false
632,Ardith,Gorman,agormanhj@facebook.com,Female,7 Doe Crossing Place,false
633,Tilly,Hulme,thulmehk@accuweather.com,Female,27 Summerview Court,false
634,Allen,Mc Elory,amceloryhl@walmart.com,Male,84842 Roth Plaza,false
635,Crystal,Petrescu,cpetrescuhm@theglobeandmail.com,Female,3 Debs Street,true
636,Monah,Ritter,mritterhn@geocities.jp,Female,9 Sullivan Street,true
637,Serene,Rafter,srafterho@senate.gov,Female,4335 Lerdahl Road,false
638,Ennis,Andriolli,eandriollihp@nba.com,Male,913 Gale Hill,true
639,Will,Le Gall,wlegallhq@google.it,Male,75847 Vermont Terrace,false
640,Hendrick,Boustead,hbousteadhr@mapquest.com,Male,44388 Maple Junction,false
641,Dona,Madine,dmadinehs@walmart.com,Female,21210 Havey Park,false
642,Nappie,Pickvance,npickvanceht@prlog.org,Male,6 Shopko Alley,false
643,Ring,Cast,rcasthu@umn.edu,Male,31118 Upham Terrace,true
644,Natka,Westman,nwestmanhv@infoseek.co.jp,Female,03116 Anzinger Circle,false
645,Virgie,Huntington,vhuntingtonhw@blog.com,Female,314 Graceland Terrace,false
646,Lucho,Rennison,lrennisonhx@xrea.com,Male,1 Magdeline Park,false
647,Averil,Canning,acanninghy@google.co.jp,Female,18843 Morrow Drive,false
648,Gayla,Fonquernie,gfonquerniehz@marriott.com,Female,3 Gateway Hill,false
649,Hailey,Torricina,htorricinai0@google.ru,Male,0 Warrior Street,false
650,Kris,Begley,kbegleyi1@answers.com,Male,774 Gulseth Alley,true
651,Jereme,Askie,jaskiei2@sitemeter.com,Male,63 Village Street,false
652,Broddie,Arends,barendsi3@chronoengine.com,Male,24 Hoepker Court,false
653,Rea,Maudlin,rmaudlini4@smh.com.au,Female,6144 Morning Park,false
654,Golda,Shears,gshearsi5@va.gov,Female,90 Mendota Trail,true
655,Lanette,Izod,lizodi6@imgur.com,Female,5 Becker Center,true
656,Tobiah,Janicki,tjanickii7@businessinsider.com,Male,5 Almo Street,true
657,Denny,Follis,dfollisi8@biblegateway.com,Male,82 Dottie Trail,true
658,Caressa,Perillo,cperilloi9@dion.ne.jp,Female,25 Westridge Avenue,true
659,Nerte,Vanichkin,nvanichkinia@flickr.com,Female,00875 Mesta Avenue,false
660,Kaylee,Espinazo,kespinazoib@springer.com,Female,258 Scott Trail,true
661,Ethelyn,de Courcy,edecourcyic@furl.net,Female,37 Lunder Place,false
662,Laure,Sterke,lsterkeid@bbc.co.uk,Female,5522 Golf Course Place,false
663,Bunni,Doore,bdooreie@unesco.org,Female,6 Eastlawn Lane,true
664,Debbi,Gantlett,dgantlettif@ted.com,Female,355 Anhalt Alley,false
665,Gretta,Bartak,gbartakig@skype.com,Female,456 Katie Street,true
666,Tulley,Dummigan,tdummiganih@google.nl,Male,090 Mandrake Road,false
667,Ruprecht,Malam,rmalamii@a8.net,Male,09 Westend Center,true
668,Fran,Gilley,fgilleyij@redcross.org,Male,8847 Cherokee Hill,true
669,Frederico,Rouch,frouchik@omniture.com,Male,2981 Schmedeman Alley,true
670,Denver,Beiderbecke,dbeiderbeckeil@stanford.edu,Male,69 Hazelcrest Court,false
671,Eldridge,Slott,eslottim@1688.com,Male,3 Everett Junction,true
672,Bertram,Abbess,babbessin@chicagotribune.com,Male,8 Talisman Avenue,true
673,Gui,Stennings,gstenningsio@com.com,Female,88260 Jenna Court,false
674,Abrahan,Grishin,agrishinip@cafepress.com,Male,864 Maple Road,true
675,Victor,Moyers,vmoyersiq@ft.com,Male,0213 Prentice Court,true
676,Symon,Feacham,sfeachamir@skype.com,Male,7894 Bellgrove Alley,true
677,Lucine,Dainton,ldaintonis@eventbrite.com,Female,73 Basil Drive,true
678,Herbie,O'Rudden,horuddenit@hp.com,Male,04 Everett Circle,false
679,Bronnie,Spurnier,bspurnieriu@addtoany.com,Male,15896 Swallow Road,true
680,Dollie,William,dwilliamiv@ocn.ne.jp,Female,9 Sage Street,true
681,Daren,Kurten,dkurteniw@examiner.com,Male,2 High Crossing Street,false
682,Gran,Featherstonhalgh,gfeatherstonhalghix@usnews.com,Male,1 Mifflin Pass,false
683,Gloriane,Filippucci,gfilippucciiy@facebook.com,Female,879 Sutteridge Drive,true
684,Kelley,Vispo,kvispoiz@gov.uk,Male,70764 Morningstar Center,false
685,Thaxter,GiacobbiniJacob,tgiacobbinijacobj0@tamu.edu,Male,5867 Porter Place,false
686,Ignaz,Malec,imalecj1@google.ru,Male,619 Birchwood Pass,true
687,Geri,Gilkison,ggilkisonj2@amazon.co.jp,Female,09216 Moulton Circle,false
688,Ingeberg,Conew,iconewj3@amazon.co.jp,Female,5173 Memorial Plaza,true
689,Ryley,Stoyell,rstoyellj4@joomla.org,Male,76577 Dixon Circle,false
690,Merrel,Pendleberry,mpendleberryj5@twitpic.com,Male,61342 Village Green Plaza,false
691,Jada,Side,jsidej6@dyndns.org,Female,495 Randy Terrace,false
692,Merv,Glison,mglisonj7@drupal.org,Male,3151 Maple Wood Park,false
693,Cristabel,Isakovic,cisakovicj8@clickbank.net,Female,8430 Doe Crossing Alley,false
694,Aldrich,Convery,aconveryj9@artisteer.com,Male,45640 Eagan Lane,true
695,Thedrick,Folkes,tfolkesja@naver.com,Male,7784 Erie Hill,true
696,Prudy,Barsam,pbarsamjb@icq.com,Female,3468 Dottie Crossing,true
697,Joli,Vail,jvailjc@51.la,Female,4273 7th Lane,true
698,Annnora,Philips,aphilipsjd@wikia.com,Female,0 Green Alley,false
699,Genevieve,Hrishanok,ghrishanokje@seattletimes.com,Female,19579 Pond Street,false
700,Ashlin,Moncreiffe,amoncreiffejf@unblog.fr,Male,2357 Toban Alley,true
701,Sol,Flieg,sfliegjg@state.gov,Male,06 Golden Leaf Place,true
702,Huberto,Matysiak,hmatysiakjh@usgs.gov,Male,73804 Monterey Terrace,true
703,Vanya,Parramore,vparramoreji@fda.gov,Male,73897 Kinsman Hill,false
704,Sylvia,Worsell,sworselljj@devhub.com,Female,9 Anderson Street,true
705,Artemis,Keele,akeelejk@privacy.gov.au,Male,12108 Golden Leaf Crossing,false
706,Ruperto,Goodwin,rgoodwinjl@fema.gov,Male,196 Nevada Center,true
707,Belva,Shovlin,bshovlinjm@nsw.gov.au,Female,942 Hermina Drive,false
708,Glen,Godball,ggodballjn@deviantart.com,Female,1920 Division Road,true
709,Reeba,Dyers,rdyersjo@devhub.com,Female,5216 Hoepker Avenue,false
710,Hansiain,Merrilees,hmerrileesjp@nih.gov,Male,914 Dahle Circle,false
711,Jard,Wilmot,jwilmotjq@tinypic.com,Male,23046 Straubel Trail,false
712,Paige,MacAne,pmacanejr@howstuffworks.com,Male,73129 Becker Lane,false
713,Vasili,Hurd,vhurdjs@themeforest.net,Male,44 Banding Crossing,true
714,Bran,Waslin,bwaslinjt@pcworld.com,Male,2 American Ash Road,true
715,Cate,Roseborough,croseboroughju@discovery.com,Female,52075 Rockefeller Way,true
716,Domenic,Pioli,dpiolijv@state.gov,Male,34 School Avenue,true
717,Sidoney,Lello,slellojw@msn.com,Female,2909 Summit Road,true
718,Phillipp,Ambage,pambagejx@live.com,Male,76644 Dapin Road,true
719,Josefina,Crowson,jcrowsonjy@blogtalkradio.com,Female,22507 Service Place,false
720,Keene,Spikeings,kspikeingsjz@e-recht24.de,Male,543 Everett Point,false
721,Justus,Asche,jaschek0@wisc.edu,Male,436 Lien Place,false
722,Wilfrid,Fludder,wfludderk1@mysql.com,Male,55 Harbort Point,true
723,Felic,Forte,ffortek2@usgs.gov,Male,1642 Stephen Street,true
724,Trefor,Rathborne,trathbornek3@ameblo.jp,Male,0 Muir Pass,false
725,Errick,Weatherburn,eweatherburnk4@ucoz.com,Male,7 Lindbergh Place,false
726,Fowler,Winterbourne,fwinterbournek5@bizjournals.com,Male,362 Golden Leaf Pass,true
727,Jae,Redan,jredank6@weather.com,Male,1 Westend Crossing,true
728,Ella,Willoughby,ewilloughbyk7@chron.com,Female,01 Cascade Street,true
729,Blanch,Caroli,bcarolik8@unc.edu,Female,94 Arrowood Park,true
730,Lily,Ghione,lghionek9@example.com,Female,2426 Rutledge Court,true
731,Cyndy,Silverton,csilvertonka@wunderground.com,Female,45 Chinook Center,true
732,Adiana,Hargie,ahargiekb@mashable.com,Female,42 Manley Place,true
733,Herb,Phillippo,hphillippokc@bizjournals.com,Male,48 Namekagon Center,true
734,Bar,Keysel,bkeyselkd@uiuc.edu,Male,2585 Dahle Parkway,true
735,Betteann,Udy,budyke@epa.gov,Female,9 Eagan Terrace,false
736,Whitby,Burdus,wburduskf@wiley.com,Male,2 Hoffman Circle,false
737,Torey,Thayre,tthayrekg@flickr.com,Female,6 Debs Alley,true
738,Reggis,Dekeyser,rdekeyserkh@naver.com,Male,4657 Myrtle Junction,false
739,Dallis,Allbon,dallbonki@free.fr,Male,5887 Clyde Gallagher Terrace,false
740,Gan,Portwain,gportwainkj@biblegateway.com,Male,9 Mesta Pass,true
741,Holly,Gilli,hgillikk@xinhuanet.com,Female,2865 Fremont Terrace,true
742,Giuseppe,Lord,glordkl@clickbank.net,Male,547 Ohio Junction,false
743,Saundra,Ladds,sladdskm@list-manage.com,Male,0439 Springview Road,false
744,Beret,Shiers,bshierskn@earthlink.net,Female,65236 Veith Street,true
745,Robinia,Delmonti,rdelmontiko@hexun.com,Female,8 Carioca Hill,false
746,Vinni,Gailor,vgailorkp@hp.com,Female,4 Manley Hill,true
747,Hubie,Kordes,hkordeskq@berkeley.edu,Male,61457 Union Pass,true
748,Valry,Kearley,vkearleykr@google.it,Female,15 Pierstorff Terrace,false
749,Selestina,Fearn,sfearnks@discuz.net,Female,39195 3rd Way,true
750,Basile,Pennetti,bpennettikt@simplemachines.org,Male,69327 Dottie Court,true
751,Steve,Skeleton,sskeletonku@mozilla.org,Male,5742 Waywood Court,false
752,Karim,Lettley,klettleykv@umich.edu,Male,0127 Mayfield Park,false
753,Hayes,Umpleby,humplebykw@gnu.org,Male,8 Lakewood Gardens Center,false
754,Porter,Ruoff,pruoffkx@narod.ru,Male,7 Coleman Park,false
755,Noella,Donativo,ndonativoky@squidoo.com,Female,4 Emmet Drive,true
756,Wiley,Cornwell,wcornwellkz@dion.ne.jp,Male,94747 6th Park,true
757,Francene,Crudgington,fcrudgingtonl0@geocities.com,Female,7687 8th Street,false
758,Vale,Yakebovitch,vyakebovitchl1@skyrock.com,Male,008 Jay Avenue,false
759,Susannah,Deegin,sdeeginl2@ted.com,Female,4 Mendota Center,true
760,Marybeth,Haeslier,mhaeslierl3@altervista.org,Female,990 Loftsgordon Alley,true
761,Gustie,Kilban,gkilbanl4@wikipedia.org,Female,100 Farwell Drive,true
762,Antonietta,Raun,araunl5@yolasite.com,Female,20402 Delladonna Lane,false
763,Clemmie,Pover,cpoverl6@patch.com,Female,55825 Mcbride Road,true
764,Perceval,Feldberger,pfeldbergerl7@wordpress.org,Male,65 Twin Pines Road,false
765,Portie,Veel,pveell8@dmoz.org,Male,942 Corscot Crossing,false
766,Katleen,Biagioni,kbiagionil9@drupal.org,Female,126 Arizona Street,false
767,Hinze,Cloughton,hcloughtonla@360.cn,Male,5746 Merrick Road,false
768,Brewster,Van der Kruis,bvanderkruislb@ft.com,Male,7808 Darwin Junction,true
769,Murdoch,McCard,mmccardlc@dropbox.com,Male,538 Upham Parkway,false
770,Nicholas,Readwing,nreadwingld@scientificamerican.com,Male,567 Gale Avenue,true
771,Finn,Skipton,fskiptonle@parallels.com,Male,9 Sachtjen Terrace,true
772,Alfy,Chipp,achipplf@berkeley.edu,Female,2 Doe Crossing Trail,true
773,Jourdain,Sansun,jsansunlg@goo.ne.jp,Male,419 Swallow Trail,false
774,Earle,Lisciandro,elisciandrolh@fema.gov,Male,4 Londonderry Circle,false
775,Lenci,Kipling,lkiplingli@cocolog-nifty.com,Male,6 Stone Corner Drive,false
776,Marketa,Surgenor,msurgenorlj@rediff.com,Female,44373 Anthes Parkway,false
777,Thaddus,Blackborow,tblackborowlk@smh.com.au,Male,360 Portage Pass,true
778,Gayla,Osgorby,gosgorbyll@ovh.net,Female,46103 Canary Pass,false
779,Essy,Stronough,estronoughlm@about.com,Female,0469 Golf Point,true
780,Silvan,Woolnough,swoolnoughln@qq.com,Male,31565 Roth Junction,false
781,Diane-marie,Hrishchenko,dhrishchenkolo@jigsy.com,Female,58391 Mayfield Place,true
782,Fanechka,Rennocks,frennockslp@fotki.com,Female,872 Nova Parkway,false
783,Delainey,Wheeler,dwheelerlq@ameblo.jp,Male,4712 Dennis Way,true
784,Nari,Rapps,nrappslr@dailymail.co.uk,Female,9 Weeping Birch Point,false
785,Mildred,Bozward,mbozwardls@livejournal.com,Female,24 Menomonie Trail,true
786,Harley,Babin,hbabinlt@alibaba.com,Male,6 Morrow Alley,true
787,Ritchie,Biasio,rbiasiolu@wordpress.org,Male,93134 Swallow Parkway,false
788,Elianora,Hardman,ehardmanlv@miitbeian.gov.cn,Female,6 6th Plaza,true
789,Mallory,Everill,meverilllw@senate.gov,Male,854 Gina Junction,true
790,Janetta,Gregoratti,jgregorattilx@harvard.edu,Female,033 Northfield Point,true
791,Jessey,McGonigal,jmcgonigally@ebay.co.uk,Male,8 Gateway Park,true
792,Henrieta,Copestake,hcopestakelz@tmall.com,Female,157 Fair Oaks Point,false
793,Bette-ann,Petroselli,bpetrosellim0@sfgate.com,Female,7029 Ridge Oak Plaza,true
794,Jere,Cobbin,jcobbinm1@github.io,Female,4 Morrow Center,true
795,Jedediah,Duckerin,jduckerinm2@wikispaces.com,Male,0774 Loomis Parkway,true
796,Clayson,Venart,cvenartm3@github.io,Male,8829 Pepper Wood Avenue,false
797,Thornie,Carvilla,tcarvillam4@51.la,Male,285 Muir Way,true
798,Sawyer,Izchaki,sizchakim5@lycos.com,Male,1 Pleasure Court,false
799,Ignatius,Backman,ibackmanm6@miitbeian.gov.cn,Male,8236 Holy Cross Drive,true
800,Rance,Perigeaux,rperigeauxm7@nymag.com,Male,8345 Golf View Terrace,true
801,Beck,Champ,bchampm8@livejournal.com,Male,24774 Doe Crossing Drive,false
802,Marion,Orford,morfordm9@pbs.org,Male,42 Spaight Park,false
803,Tiebout,Ghelerdini,tghelerdinima@umich.edu,Male,13435 Hermina Place,false
804,Donnajean,Abrahmer,dabrahmermb@engadget.com,Female,643 Algoma Court,true
805,Claudius,Conrart,cconrartmc@odnoklassniki.ru,Male,646 Blackbird Alley,false
806,Faber,Davison,fdavisonmd@blogger.com,Male,915 Loomis Hill,true
807,Marna,Alelsandrovich,malelsandrovichme@chron.com,Female,8912 Randy Junction,true
808,Conny,Balch,cbalchmf@weebly.com,Female,645 Vidon Point,true
809,Bliss,Bricknall,bbricknallmg@dmoz.org,Female,217 Shopko Parkway,true
810,Tiphanie,Mattaus,tmattausmh@slate.com,Female,240 Dottie Circle,false
811,Menard,Nowill,mnowillmi@themeforest.net,Male,8940 Starling Place,false
812,Terence,Henke,thenkemj@npr.org,Male,6529 Mayer Drive,true
813,Hew,Breitler,hbreitlermk@flavors.me,Male,46448 Schurz Court,false
814,Kory,Dossett,kdossettml@mapquest.com,Male,31859 Rieder Pass,false
815,Jodie,Elson,jelsonmm@yelp.com,Female,6 Lake View Terrace,true
816,Lexis,Skellen,lskellenmn@marketwatch.com,Female,8 Farragut Way,true
817,Hildagard,Cussons,hcussonsmo@sitemeter.com,Female,5 Texas Way,false
818,Jacquelin,Vermer,jvermermp@1und1.de,Female,839 Mitchell Lane,true
819,Romonda,Austing,raustingmq@google.it,Female,552 Coleman Parkway,true
820,Vyky,Pieroni,vpieronimr@hao123.com,Female,4404 Johnson Junction,true
821,Kory,Mepham,kmephamms@google.de,Male,79226 1st Alley,true
822,Dorelle,Claxson,dclaxsonmt@wp.com,Female,03762 Sunbrook Drive,false
823,Chick,Weldon,cweldonmu@dmoz.org,Male,33 Norway Maple Parkway,false
824,Hewet,Quakley,hquakleymv@imageshack.us,Male,9 Spaight Lane,false
825,Nobe,Beams,nbeamsmw@is.gd,Male,7 Longview Plaza,false
826,Corene,Kalderon,ckalderonmx@washington.edu,Female,14 Maple Wood Pass,false
827,Phedra,Lack,plackmy@wsj.com,Female,8599 Prairie Rose Parkway,true
828,Jamey,Piola,jpiolamz@washington.edu,Male,16 Talisman Way,true
829,Jessie,Lafoy,jlafoyn0@pcworld.com,Female,047 Lerdahl Park,true
830,Merill,Kyncl,mkyncln1@people.com.cn,Male,34 Towne Lane,false
831,Berton,Klampt,bklamptn2@storify.com,Male,73783 Warner Circle,false
832,Lynea,Clucas,lclucasn3@dyndns.org,Female,070 Knutson Center,true
833,Igor,Meadway,imeadwayn4@hud.gov,Male,721 Blaine Place,false
834,Alexandrina,Phoebe,aphoeben5@hatena.ne.jp,Female,1 Briar Crest Junction,false
835,Carce,Cottage,ccottagen6@webs.com,Male,2158 Jana Court,false
836,Tabbie,Rosenwald,trosenwaldn7@tripod.com,Male,37 Truax Center,false
837,Wendel,Itzkovici,witzkovicin8@ihg.com,Male,41 Fairview Circle,false
838,Meryl,Gladding,mgladdingn9@sphinn.com,Female,209 Stephen Alley,false
839,Katharyn,Cargill,kcargillna@github.io,Female,1 Oxford Way,false
840,Bunnie,Penni,bpenninb@usatoday.com,Female,0 Lighthouse Bay Parkway,false
841,Urbano,Buy,ubuync@photobucket.com,Male,75039 Oakridge Junction,false
842,Jeanie,Chapell,jchapellnd@google.nl,Female,970 Caliangt Way,true
843,Orson,Baudy,obaudyne@furl.net,Male,4 Kim Place,true
844,Rayna,Counihan,rcounihannf@digg.com,Female,6 Alpine Way,true
845,Jozef,Bodocs,jbodocsng@dyndns.org,Male,853 Walton Point,false
846,Tully,Jarrad,tjarradnh@privacy.gov.au,Male,3147 Cody Pass,false
847,Alexandr,Cockshut,acockshutni@va.gov,Male,7424 Farmco Way,true
848,Ingelbert,Readhead,ireadheadnj@skype.com,Male,70 Eagle Crest Parkway,true
849,Ferdinande,Arstall,farstallnk@twitpic.com,Female,57945 Ronald Regan Park,true
850,Bernita,Bertie,bbertienl@army.mil,Female,0345 Elmside Way,true
851,Stillmann,Westcar,swestcarnm@reference.com,Male,4596 Kenwood Place,false
852,Penni,Heinschke,pheinschkenn@omniture.com,Female,0 Northview Drive,true
853,Cassandry,Le Brun,clebrunno@mashable.com,Female,3 Messerschmidt Avenue,false
854,Lorilyn,Stihl,lstihlnp@bloglovin.com,Female,40 Green Parkway,false
855,Tamera,Woonton,twoontonnq@twitpic.com,Female,686 Leroy Drive,false
856,Randall,Voaden,rvoadennr@pen.io,Male,910 Pennsylvania Plaza,false
857,Kinna,Gino,kginons@trellian.com,Female,173 New Castle Avenue,true
858,Daffi,Maestro,dmaestront@netlog.com,Female,9 Lawn Alley,true
859,Meghann,Jochen,mjochennu@yale.edu,Female,102 Fair Oaks Center,false
860,De,Delwater,ddelwaternv@altervista.org,Female,250 Thackeray Center,false
861,Rustin,Edes,redesnw@cdc.gov,Male,21950 Golf View Court,true
862,Corbet,Reyes,creyesnx@timesonline.co.uk,Male,292 Alpine Drive,false
863,Jolynn,Cartan,jcartanny@gov.uk,Female,4 Buena Vista Junction,false
864,Janeva,Shreeve,jshreevenz@constantcontact.com,Female,4888 Shopko Place,false
865,Jessy,Lawman,jlawmano0@mail.ru,Female,2597 Waxwing Hill,true
866,Mac,Gosforth,mgosfortho1@gov.uk,Male,85 Holmberg Lane,true
867,Terri-jo,Dubbin,tdubbino2@booking.com,Female,84394 Pond Plaza,true
868,Townie,Edrich,tedricho3@blogspot.com,Male,1 Utah Terrace,false
869,Putnam,Lared,plaredo4@theatlantic.com,Male,6250 Hoepker Street,false
870,Paddy,Thrift,pthrifto5@hatena.ne.jp,Male,49 Eagan Pass,false
871,Dione,Sarrell,dsarrello6@statcounter.com,Female,889 Brickson Park Circle,false
872,Van,Lithcow,vlithcowo7@mediafire.com,Male,2621 Tomscot Center,false
873,Troy,Mottershaw,tmottershawo8@de.vu,Male,1938 Dunning Road,true
874,Gerta,Burmaster,gburmastero9@bbb.org,Female,43586 Transport Crossing,false
875,Rorke,Grindell,rgrindelloa@unesco.org,Male,88 Russell Junction,false
876,Arte,McAlinion,amcalinionob@google.fr,Male,921 Doe Crossing Pass,false
877,Whitman,Jansema,wjansemaoc@apple.com,Male,677 Fisk Point,false
878,Bernita,Sharvill,bsharvillod@sciencedaily.com,Female,618 Bowman Drive,false
879,Raynell,Flexman,rflexmanoe@github.com,Female,49 Bluestem Pass,false
880,Omero,Fells,ofellsof@mozilla.com,Male,254 Lawn Road,false
881,Glen,Cunniff,gcunniffog@utexas.edu,Male,32 Mariners Cove Lane,false
882,Alistair,Toplin,atoplinoh@odnoklassniki.ru,Male,43431 Brentwood Terrace,false
883,Zedekiah,Carlson,zcarlsonoi@ning.com,Male,43 Manitowish Lane,false
884,Sonny,Steart,ssteartoj@liveinternet.ru,Female,917 Pennsylvania Junction,false
885,Conney,Krauze,ckrauzeok@woothemes.com,Male,526 Prairieview Junction,true
886,Ceciley,Franceschino,cfranceschinool@wikimedia.org,Female,3697 Thierer Hill,true
887,Lorant,Besant,lbesantom@youtu.be,Male,2818 Sommers Circle,true
888,Matthaeus,McCandie,mmccandieon@posterous.com,Male,7767 Iowa Plaza,true
889,Hattie,Branscomb,hbranscomboo@europa.eu,Female,312 Park Meadow Parkway,false
890,Ignaz,Sherland,isherlandop@t.co,Male,192 Waubesa Trail,false
891,Jamie,Soden,jsodenoq@imdb.com,Male,3451 Drewry Trail,false
892,Howey,Powland,hpowlandor@wikipedia.org,Male,0 Pleasure Park,false
893,Fannie,O'Bradane,fobradaneos@flavors.me,Female,698 3rd Center,true
894,Laureen,Danher,ldanherot@vk.com,Female,6 Manufacturers Junction,true
895,Mariel,Tilston,mtilstonou@microsoft.com,Female,9187 Lillian Lane,false
896,Roscoe,Kneeshaw,rkneeshawov@google.fr,Male,81 Victoria Park,false
897,Madeleine,Glamart,mglamartow@huffingtonpost.com,Female,75993 West Circle,true
898,Suzie,Ivanenkov,sivanenkovox@nba.com,Female,480 Mockingbird Street,false
899,Ethelbert,Gwillyam,egwillyamoy@uol.com.br,Male,7 Bartelt Drive,true
900,Cornelia,Meach,cmeachoz@storify.com,Female,7 Service Hill,true
901,Jade,Beaulieu,jbeaulieup0@globo.com,Female,2 Thompson Park,false
902,Sisely,D'Ambrosio,sdambrosiop1@posterous.com,Female,77 Oak Valley Junction,true
903,Mavis,Thews,mthewsp2@bizjournals.com,Female,1 Kings Crossing,false
904,Florette,Gribbins,fgribbinsp3@answers.com,Female,4668 Golden Leaf Way,true
905,Lazar,Flippelli,lflippellip4@sbwire.com,Male,67 Becker Circle,false
906,Aigneis,FitzGibbon,afitzgibbonp5@ucsd.edu,Female,02 Kensington Park,false
907,Tory,Rossiter,trossiterp6@acquirethisname.com,Female,82 Sachs Lane,true
908,Daryle,Trenbey,dtrenbeyp7@pinterest.com,Male,76288 Menomonie Lane,true
909,Maxy,Sizey,msizeyp8@springer.com,Female,2 Nevada Court,true
910,Hedwig,Zanussii,hzanussiip9@pen.io,Female,570 Mayfield Drive,false
911,Horatio,Philbrick,hphilbrickpa@weebly.com,Male,42876 Harper Plaza,true
912,Ariel,Lohrensen,alohrensenpb@army.mil,Female,62788 Mallard Pass,true
913,Flynn,Terry,fterrypc@jimdo.com,Male,9282 Carberry Pass,true
914,Bell,Twelftree,btwelftreepd@sourceforge.net,Female,3988 Raven Circle,true
915,Shane,Karpov,skarpovpe@usatoday.com,Male,8362 Drewry Street,true
916,Prentiss,Swanborrow,pswanborrowpf@irs.gov,Male,5 Loftsgordon Circle,true
917,Michele,Brucker,mbruckerpg@cbsnews.com,Female,5 Quincy Way,true
918,Emanuel,Guyon,eguyonph@deliciousdays.com,Male,6728 Dottie Lane,false
919,Mahala,Stillman,mstillmanpi@goo.gl,Female,41754 Harbort Junction,true
920,Rhetta,Hinckes,rhinckespj@zdnet.com,Female,85 Blaine Place,false
921,Karlens,Bradfield,kbradfieldpk@woothemes.com,Male,56227 Kensington Point,true
922,Tobe,Pointon,tpointonpl@umn.edu,Female,530 Laurel Terrace,true
923,Mattias,Pockey,mpockeypm@com.com,Male,4840 Grasskamp Drive,true
924,Jens,Kernes,jkernespn@youtu.be,Male,369 Prentice Point,false
925,Hetty,Mallard,hmallardpo@360.cn,Female,9503 Cascade Circle,false
926,Rex,Gainforth,rgainforthpp@army.mil,Male,033 Bunting Center,false
927,Wald,Roddan,wroddanpq@friendfeed.com,Male,11 Crowley Parkway,false
928,Ky,Franceschino,kfranceschinopr@blogger.com,Male,9 Surrey Junction,false
929,Garner,Whitchurch,gwhitchurchps@nps.gov,Male,69902 Manley Drive,true
930,Kala,De Domenico,kdedomenicopt@xrea.com,Female,57 Lindbergh Junction,false
931,Donelle,Navarijo,dnavarijopu@symantec.com,Female,82 Valley Edge Junction,false
932,Mora,Caudrey,mcaudreypv@reuters.com,Female,71131 Pawling Road,false
933,Jory,Tows,jtowspw@over-blog.com,Male,11 Chinook Street,false
934,Teodoor,Herley,therleypx@guardian.co.uk,Male,24841 Evergreen Alley,true
935,Jilleen,Crucitti,jcrucittipy@timesonline.co.uk,Female,017 Delladonna Street,true
936,Afton,Caulcott,acaulcottpz@gnu.org,Female,8827 Linden Hill,true
937,Muffin,Robison,mrobisonq0@alexa.com,Male,7284 Scott Alley,false
938,Terry,Blachford,tblachfordq1@elpais.com,Female,8786 Goodland Parkway,false
939,Irwin,Lello,ilelloq2@dailymail.co.uk,Male,2 Brown Avenue,true
940,Francklin,Duncanson,fduncansonq3@ebay.co.uk,Male,63515 Gerald Pass,true
941,Tremayne,Jemmison,tjemmisonq4@people.com.cn,Male,22380 Prairie Rose Road,false
942,Dyna,Jorger,djorgerq5@hugedomains.com,Female,7271 Center Avenue,false
943,Putnam,Rottgers,prottgersq6@ustream.tv,Male,84743 Loftsgordon Lane,true
944,Koren,L'Homme,klhommeq7@redcross.org,Female,66 Weeping Birch Parkway,false
945,Allina,Vondra,avondraq8@mapquest.com,Female,1 Susan Place,true
946,Lenna,Vial,lvialq9@nih.gov,Female,53 Golf Junction,false
947,Gideon,Hambrick,ghambrickqa@ifeng.com,Male,3553 Shopko Alley,false
948,Britt,Beaver,bbeaverqb@wikipedia.org,Female,88352 Clyde Gallagher Plaza,false
949,Bill,Le Fleming,bleflemingqc@webnode.com,Male,69122 Fairview Plaza,false
950,Andra,Litster,alitsterqd@google.it,Female,6456 Fuller Avenue,false
951,Kerby,Roglieri,kroglieriqe@jugem.jp,Male,39 Moulton Crossing,false
952,Oby,Phillis,ophillisqf@home.pl,Male,717 Ridgeway Lane,false
953,Ealasaid,Edland,eedlandqg@vinaora.com,Female,1861 Carberry Avenue,true
954,Angelico,Kingscott,akingscottqh@t.co,Male,950 Linden Trail,true
955,Lida,Label,llabelqi@gmpg.org,Female,9 Pine View Parkway,true
956,Lynea,Riddell,lriddellqj@usgs.gov,Female,1 Melody Parkway,true
957,Mallory,Hugonet,mhugonetqk@chronoengine.com,Female,30 Holy Cross Court,false
958,Mikey,Louiset,mlouisetql@storify.com,Male,491 Lakewood Gardens Trail,true
959,Bennie,Hurdidge,bhurdidgeqm@deviantart.com,Male,1 Independence Terrace,true
960,Arden,Roderham,aroderhamqn@sogou.com,Female,08552 Arkansas Point,false
961,Bert,Gibbs,bgibbsqo@google.co.uk,Female,03401 Oak Pass,false
962,Saxe,Vasyuchov,svasyuchovqp@telegraph.co.uk,Male,686 Ludington Lane,false
963,Bendix,Howse,bhowseqq@foxnews.com,Male,80773 Gateway Park,true
964,Cassey,Abramino,cabraminoqr@ehow.com,Female,7 4th Plaza,true
965,Jephthah,Capel,jcapelqs@ftc.gov,Male,60 Gina Circle,true
966,Kerrie,Oglethorpe,koglethorpeqt@wix.com,Female,70774 International Circle,false
967,Homere,Wallen,hwallenqu@live.com,Male,9 Express Junction,true
968,Frazer,Alyukin,falyukinqv@disqus.com,Male,5 Schurz Pass,true
969,Deidre,McLoney,dmcloneyqw@google.com.br,Female,0 Summerview Terrace,true
970,Melinde,Skamal,mskamalqx@google.it,Female,1 Menomonie Avenue,true
971,Dorine,Peever,dpeeverqy@yandex.ru,Female,752 Holmberg Road,true
972,Micheil,Biaggioni,mbiaggioniqz@printfriendly.com,Male,16 Grover Alley,true
973,Jayson,Wear,jwearr0@intel.com,Male,254 Evergreen Center,true
974,Luigi,Boyen,lboyenr1@cafepress.com,Male,1290 Anthes Terrace,false
975,Moina,Attfield,mattfieldr2@npr.org,Female,322 Declaration Alley,true
976,Orton,Verissimo,overissimor3@nih.gov,Male,32 Hanover Drive,true
977,Rowe,Mattsson,rmattssonr4@angelfire.com,Female,8956 Prentice Center,true
978,Stephenie,Battrick,sbattrickr5@free.fr,Female,953 Melody Parkway,true
979,Wendie,Bapty,wbaptyr6@paginegialle.it,Female,5 Bay Trail,false
980,Geno,Bloxam,gbloxamr7@blogger.com,Male,6 Hoepker Trail,true
981,Shaughn,Urwin,surwinr8@constantcontact.com,Male,3909 Emmet Hill,true
982,Ileana,Butner,ibutnerr9@walmart.com,Female,3 1st Parkway,false
983,Briggs,Tetley,btetleyra@tuttocitta.it,Male,3953 Graceland Court,true
984,Hoyt,Fibbit,hfibbitrb@springer.com,Male,892 Eggendart Point,false
985,Lib,Huxton,lhuxtonrc@domainmarket.com,Female,08 Grover Point,false
986,Mercy,Diloway,mdilowayrd@canalblog.com,Female,4 Lunder Hill,true
987,Chiquia,Uc,cucre@lulu.com,Female,495 Heath Alley,false
988,Mersey,Buntain,mbuntainrf@de.vu,Female,75 Tomscot Circle,false
989,Blinni,Josephov,bjosephovrg@europa.eu,Female,30734 Bayside Point,true
990,Claybourne,Wasselin,cwasselinrh@nationalgeographic.com,Male,2 Hintze Park,false
991,Rafael,Barwood,rbarwoodri@disqus.com,Male,7729 Roth Trail,false
992,Rivalee,Siemons,rsiemonsrj@trellian.com,Female,318 Warbler Crossing,false
993,Pepita,Palliser,ppalliserrk@cmu.edu,Female,63 Oak Lane,true
994,Trenton,Cranshaw,tcranshawrl@sina.com.cn,Male,34 Butternut Pass,false
995,Sandro,Simpkins,ssimpkinsrm@shareasale.com,Male,5 Farragut Park,false
996,Si,De'Ath,sdeathrn@bluehost.com,Male,7 Oak Pass,true
997,Darbee,Hearst,dhearstro@altervista.org,Male,6 Maywood Avenue,false
998,Timothea,Meron,tmeronrp@a8.net,Female,5361 Scoville Trail,false
999,Josy,Faiers,jfaiersrq@g.co,Female,2781 Montana Lane,false
1000,Reinaldos,Abramzon,rabramzonrr@msn.com,Male,09 Clarendon Way,true
